{
  "tp_clear": {
    "stem": "IMG001651",
    "score": 0.9993906021118164,
    "iou": 0.9926320785101056,
    "pred_box": [
      224.75729370117188,
      76.74128723144531,
      340.6777038574219,
      338.0641784667969
    ],
    "gt_box": [
      224.54212951660156,
      76.55677795410156,
      340.29302978515625,
      338.4615478515625
    ]
  },
  "tp_subtle": {
    "stem": "IMG000168",
    "score": 0.9432291984558104,
    "iou": 0.9690140374175563,
    "pred_box": [
      206.5989227294922,
      240.0494842529297,
      421.1239013671875,
      429.6737976074219
    ],
    "gt_box": [
      204.01219177246094,
      239.26829528808594,
      422.9146423339844,
      428.2926940917969
    ]
  },
  "fn": {
    "stem": "IMG001778",
    "score": 0.8899087905883789,
    "iou": 0.0,
    "pred_box": [
      345.40576171875,
      359.7572326660156,
      480.2093505859375,
      489.5036926269531
    ],
    "gt_box": [
      642.26318359375,
      566.4473876953125,
      780.398681640625,
      711.9601440429688
    ]
  },
  "fp": {
    "stem": "IMG003456",
    "score": 0.9372637271881104,
    "pred_box": [
      438.1768798828125,
      2671.89111328125,
      547.7886962890625,
      2886.362548828125
    ]
  }
}